created,screenName,text,polarity
2018-03-31 17:57,johnwoodymoore,"I'm at BB&amp;T - @askbbt in Pelion, SC https://t.co/2cyKmQvNqC",Neutral
2018-03-30 18:39,bitcoin_bettor,@askBBT hi someone sent me a Zelle Payment and I received the notification but don’t see it in my acct? Usually see… https://t.co/12NbsFqnpX,Neutral
2018-03-28 16:34,QuestInc_FL,"Shout out to our #WineQuest2018 sponsors @askBBT, @OUCreliableone and Robin's Nest. They have dibbs to bid on… https://t.co/Xm0MWUC8hj",Neutral
2018-03-27 22:25,gradt1216,RT @Give2Kids: Congrats @CollegeViewHS3 teacher Casey Polen for being chosen as @askBBT Teacher of the Month! https://t.co/4dVY3WktZz,Neutral
2018-03-26 18:41,Give2Kids,Congrats @CollegeViewHS3 teacher Casey Polen for being chosen as @askBBT Teacher of the Month! https://t.co/4dVY3WktZz,Neutral
2018-03-31 23:09,KHryvnak,"RT @LVPhantoms: The game also has a T-Shirt Giveaway to the 1st 6,500 fans in attendance thanks to @the99bottle, Adams Plumbing, @chickies_…",Negative
2018-03-31 20:20,triadheart,Make sure you RSVP to the Winston-Salem Heart Ball by April 6th! This will be an unforgettable night!… https://t.co/HorPh02TjD,Positive
2018-03-31 17:34,LVPhantoms,"The game also has a T-Shirt Giveaway to the 1st 6,500 fans in attendance thanks to @the99bottle, Adams Plumbing,… https://t.co/FZS839R0gK",Negative
2018-03-31 14:37,JimNYCFTL,"@BBT @thebbtcenter @FlaPanthers Why do you let this ""Hate"" group hold functions at your establishment? They're not… https://t.co/RGZ9MmVKEj",Neutral
2018-03-31 14:08,ScottnMissy1,@BBT i opened an account on the 14 of this month. In that time i have been unable to set up my online banking. Noth… https://t.co/EBTW4B7Luu,Negative
2018-03-31 1:04,mikewatts502,RT @BBT: Succession planning is crucial for sustaining family-owned businesses for generations to come. Do you have a plan in place? https:…,Neutral
2018-03-30 21:04,REI_Systems,RT @PSCSpeaks: Sending a warm welcome to the newest members of PSC! @ConsultArtemis @BBT @Beyond20 @CORTACGroup @ECODIT_LLC @INTEGRITY_ONE…,Positive
2018-03-30 21:02,RealMikeDrew,@BBT Can you do me a favor? I’m doing some research and figured a bank would know this answer. How many months are… https://t.co/2SbSJNWzGn,Neutral
2018-03-30 17:30,PSCSpeaks,Sending a warm welcome to the newest members of PSC! @ConsultArtemis @BBT @Beyond20 @CORTACGroup @ECODIT_LLC… https://t.co/VliNGzC9HI,Positive
2018-03-30 13:53,Nate_G_B,Seems impossible to talk to a human being at BB&amp;T unless you want to open a account. No service for existing account holders.  @BBT,Neutral
2018-03-30 13:18,em77511,@BBT thank you,Neutral
2018-03-30 13:11,em77511,@BBT I guess you're open today?,Positive
2018-03-30 13:08,PeteMcCole,"Hey @BBT 
Friday morning ...
Two days before a holiday....
ONE TELLER ON DUTY.... https://t.co/FqREtWwDG4",Neutral
2018-03-30 13:04,CardozaJosh,@BBT AGAIN with the system screwed up?! Really?!,Neutral
2018-03-30 11:59,SBDCatUNF,RT @DocCLR: @SBDCatUNF @JaxBizJournal @JBJEvents @PS27Ventures @BBT @sightsoundav @FLBlue Great event and great support from the small busi…,Positive
2018-03-30 10:10,_pyoneer,@BBT about to write the worse Google review in the world,Negative
2018-03-30 9:01,_pyoneer,@WellsFargo is 24 hours 7 days a week definitely switching over today @BBT y'all cause to many problems,Negative
2018-03-30 8:44,_pyoneer,Banking should be a 24/7 service @BBT I really hate y'all,Neutral
2018-03-30 8:40,_pyoneer,@BBT there's a mistake on my account man and y'all can't come to the phone right now very inconvenient,Negative
2018-03-30 3:53,sightsoundav,RT @SBDCatUNF: Great panel at the @JaxBizJournal @JBJEvents African-American #SmallBusiness Forum! @PS27Ventures @DocCLR @BBT @sightsoundav…,Neutral
2018-03-30 1:29,ZachKrantz,RT @Uturnlaverne: Having some fun at the @BBT center  for @DisneyOnIce and look at the stud we ran into...Uncle  @ZachKrantz and the kids h…,Positive
2018-03-30 0:50,DocCLR,@SBDCatUNF @JaxBizJournal @JBJEvents @PS27Ventures @BBT @sightsoundav @FLBlue Great event and great support from th… https://t.co/rGJUfywyGO,Positive
2018-03-30 0:21,SBDCatUNF,Great panel at the @JaxBizJournal @JBJEvents African-American #SmallBusiness Forum! @PS27Ventures @DocCLR @BBT… https://t.co/BVnMOJEsw7,Neutral
2018-03-29 23:54,Uturnlaverne,Having some fun at the @BBT center  for @DisneyOnIce and look at the stud we ran into...Uncle  @ZachKrantz and the… https://t.co/XAVIwafxy5,Positive
2018-03-29 22:56,LuckyCatCollab,@BBT No coin counter at Cumberland Main Branch for account holders? That's a customer service fail. I had to go to… https://t.co/CXZELflEMO,Neutral
2018-03-29 22:08,TAPSorg,@InfoGRSi @busygirlmarie @WorthingtonGolf @PSAFinancial @Acme_PG @BBT Should be another terrific day of golf and ho… https://t.co/H66Jtla34j,Positive
2018-03-29 22:05,TAPSorg,"RT @InfoGRSi: Join GRSi in supporting @TAPSorg at our 9th Annual Charity Golf Event @WorthingtonGolf on May 24. 
Special thanks to our Eagl…",Neutral
2018-03-29 19:39,PCPSMaxhelp,@BBT How about this: An Actual Customer Service Phone number that connects with a human being?,Neutral
2018-03-29 15:34,InfoGRSi,"Join GRSi in supporting @TAPSorg at our 9th Annual Charity Golf Event @WorthingtonGolf on May 24. 
Special thanks t… https://t.co/WCfpMONFRZ",Neutral
2018-03-29 13:17,triadheart,Join us in Wonderland for the Winston-Salem Heart Ball! #WSNC #WSHeartBall @NovantHealth @BBT @wakehealth https://t.co/po8KujlFLN,Neutral
2018-03-29 8:24,11FSPulse,"New, slick journeys from @Wealthsimple @n26 and @BBT coming to #11Pulse this week!
https://t.co/GDTTGVo7A3",Neutral
2018-03-28 23:29,HenryYarboroug5,@BBT  had question need get hold of prepaid customer service not received my prepaid card in three weeks just order… https://t.co/2dJzaB01AJ,Neutral
2018-03-28 22:48,PCPSMaxhelp,@BBT 908-619-7242 Thank you!,Neutral
2018-03-28 22:31,JordanCrews_,Man it would be nice to be able to access money from my bank account @BBT !!!! #sendmycardalready,Positive
2018-03-28 21:32,achuck10,"RT @slpng_giants: These banks just threw a lifeline to bankrupted gunmaker Remington:
@BankofAmerica 
@WellsFargo 
@jpmorgan 
@DeutscheBank…",Positive
2018-03-28 20:57,MarvinDJones,@KenzieRjones_ @BBT This ordeal has been horrific just trying to deal with them for a copy of the paper work. You a… https://t.co/o3xmIFzfYK,Neutral
2018-03-28 19:09,biancadottin,@BBT Will do now. Thanks,Neutral
2018-03-28 18:51,biancadottin,@BBT what do I need to do to close my non-profit checking account? I just opened it 2 days ago and have gotten noth… https://t.co/rI41hn2xvY,Negative
2018-03-28 17:35,KenzieRjones_,@BBT For over an hour I keep getting tossed from department to department. Need a copy of my title for the DMV( req… https://t.co/XsAuB1Lz0K,Neutral
2018-03-28 17:30,KenzieRjones_,Okay @BBT is the WORST company ever. NEVER getting my car financed through them ever again,Neutral
2018-03-28 16:59,berniedecat,@jpmorgan &amp; @BBT I am a customer and this is horrifying! https://t.co/4kvnoADBos,Neutral
2018-03-28 16:26,therosegawden,"I know I say this like once a week now but fuck @bbt as a bank, record label and as a crew tbh",Neutral
2018-03-28 14:17,BrookeBeWell,"RT @MarisaKabas: A great reminder for me to complete the process of leaving @BankofAmerica, since it actively funds gun companies. 

Other…",Positive
2018-03-28 13:05,EastNCtruth,@TheMindOfBA @BBT Fair enough...but they are terrible,Negative
2018-03-28 13:03,TheMindOfBA,@EastNCtruth @BBT At the time it was because a former employer also banked there. We didn’t trust them to have the… https://t.co/IeTC4846Jr,Positive
2018-03-28 12:53,EastNCtruth,@TheMindOfBA @BBT Why would you ever deal with such a terrible bank?,Neutral
2018-03-28 1:00,theBEESknow,@slpng_giants @BankofAmerica @WellsFargo @jpmorgan @DeutscheBank @askRegions @BBT @synovus @FifthThird Isn’t… https://t.co/RrfES1df0m,Neutral
2018-03-28 0:37,DigitalFuckery,@slpng_giants @BankofAmerica @WellsFargo @jpmorgan @DeutscheBank @askRegions @BBT @synovus @FifthThird Capitalistic… https://t.co/Zo66718YvT,Neutral
2018-03-28 0:31,HollyCB2112,@slpng_giants @BankofAmerica @WellsFargo @jpmorgan @DeutscheBank @askRegions @BBT @synovus @FifthThird… https://t.co/b2cnbaz0Tz,Neutral
2018-03-28 0:30,LBmarkella,@slpng_giants @BankofAmerica @WellsFargo @jpmorgan @DeutscheBank @askRegions @BBT @synovus @FifthThird Good to know… https://t.co/cp3EpVdKHI,Neutral
2018-03-28 0:26,3starcircus,@slpng_giants @BankofAmerica @WellsFargo @jpmorgan @DeutscheBank @askRegions @BBT @synovus @FifthThird Ugh! It is g… https://t.co/K1lts42IcN,Neutral
2018-03-28 0:25,laurachapnick,@slpng_giants @BankofAmerica @WellsFargo @jpmorgan @DeutscheBank @askRegions @BBT @synovus @FifthThird Ugh… https://t.co/rWu5snoOJo,Neutral
2018-03-28 0:24,mctango27,@slpng_giants @BankofAmerica @WellsFargo @jpmorgan @DeutscheBank @askRegions @BBT @synovus @FifthThird And when the… https://t.co/3y2Og5woFJ,Neutral
2018-03-28 0:22,slpng_giants,"These banks just threw a lifeline to bankrupted gunmaker Remington:
@BankofAmerica 
@WellsFargo 
@jpmorgan… https://t.co/5sutdeRcLJ",Positive
2018-03-28 0:17,MarisaKabas,"A great reminder for me to complete the process of leaving @BankofAmerica, since it actively funds gun companies.… https://t.co/MeNfZSg5hc",Positive
2018-03-27 23:09,PCPSMaxhelp,"Just a side RANT:

BB&amp;T is #Banking

When you have a problem with a @BBT , you call.

When you deal with BB&amp;T, you… https://t.co/xXCQDt4oRH",Neutral
2018-03-27 19:50,welpekatze,@BBT Set up my business account and ordered my first round of checks almost 2 months ago but haven’t received them… https://t.co/gvJiOlscYc,Neutral
2018-03-27 19:46,TheMindOfBA,@BBT It turns out this ENTIRE situation could have been avoided by someone with common sense according to the bank manager.,Positive
2018-03-27 19:45,TheMindOfBA,@BBT I have taken time off work to go into a branch. Which is the exact OPPOSITE of the reason we have mobile banking.,Positive
2018-03-27 19:05,PeopleFund,Ready to access your #credit report for #FREE? @BBT experts are here to help you! Register today… https://t.co/vRhUGXhLRO,Positive
2018-03-27 16:39,DrewLewis_,"How many banks call just to say happy birthday? Mine does! Thanks, @BBT. #BestBankinTown",Positive
2018-03-27 15:30,WifiOverThotss_,@BBT Has the best customer service teams ever!!!!,Neutral
2018-03-27 15:13,triadheart,Don't go mad- join us for the Winston-Salem Heart Ball! Register here https://t.co/8hFwbtBA5X @NovantHealth @BBT… https://t.co/iR0fOPBOBh,Neutral
2018-03-27 13:34,TheMindOfBA,@BBT That’s a lot of personal info to give you on an insecure platform. Considering the issue I have is with possible ID THEFT... no.,Negative
2018-03-27 11:22,LoveIsASaying,You rejected me from a secureed credit card? Wtf @bbt get c https://t.co/1a1odcpoCn,Neutral
2018-03-26 21:59,cbaum3,RT @CKnightsGM: The gang is all here! A peek inside the @whitesox clubhouse at @BBT Ballpark as @KnightsBaseball host the big club. #Knight…,Neutral
2018-03-26 21:39,TheMindOfBA,"@BBT You can ""help"" by fixing the PROBLEM.",Neutral
2018-03-26 21:13,torilampe,"“Due to previous refunds on ur account, we are not able to issue any additional overdraft fee refunds at this time.… https://t.co/LjtO9mY9K6",Positive
2018-03-26 19:35,dane811,@BBT How do I cancel an accidental (pending) double payment on a loan?  Current wait time is 18 minutes - I don't h… https://t.co/PJ2BXZf1EC,Negative
2018-03-26 16:50,CnmConsultants,Baseball season has arrived to the Queen City!!! @KnightsBaseball @whitesox @BBT https://t.co/F94mqRdgbY,Neutral
2018-03-26 15:59,__princesslay,@WWMariDora @BBT Oh trust me I see it.,Positive
2018-03-26 15:50,JeffMartinMedia,Thank you @BBT Branch #PompanoBeach 14th St for playing @easy931 during your workday.,Neutral
2018-03-26 15:40,WWMariDora,@BBT @TheMindOfBA Don’t ever bank with them. All they want to do is take your money. They are straight up crooks. S… https://t.co/6ihT4Ruvql,Positive
2018-03-26 15:39,WWMariDora,@BBT @KronosCifer Don’t ever bank with them. All they want to do is take your money. They are straight up crooks. S… https://t.co/IZ4mAuZynV,Positive
2018-03-26 15:39,WWMariDora,@BBT @__princesslay Don’t ever bank with them. All they want to do is take your money. They are straight up crooks.… https://t.co/xF3svAm9SA,Positive
2018-03-26 12:51,__princesslay,@BBT That’s ridiculous.,Neutral
2018-03-26 12:48,__princesslay,@BBT &amp; what’s the point of having overdraft protection if y’all are still going to charge me a returned item fee??,Positive
2018-03-26 12:47,__princesslay,@BBT Why did i get charged $2 for calling customer service? Why is that not free??,Neutral
2018-03-26 12:44,KronosCifer,@BBT How do I go about transferring money to my bank account in Germany?,Neutral
2018-03-26 12:24,irishcreammike,@CKnightsGM @KnightsBaseball @whitesox @BBT Is Giolito pitching tonight?,Neutral
2018-03-26 12:09,CKnightsGM,The gang is all here! A peek inside the @whitesox clubhouse at @BBT Ballpark as @KnightsBaseball host the big club.… https://t.co/IebegcIH9m,Neutral
2018-03-26 2:05,TheMindOfBA,"Ok @BBT manager wouldn't even get on the phone with me, but at least instructed the ""customer service"" rep to HELP… https://t.co/MPCu8ONE2s",Neutral
2018-03-26 1:38,TheMindOfBA,"Come on @BBT where are your fucking customer service reps??????  I'm sitting here on hold wasting my time, wasting… https://t.co/YuYDUKWioO",Neutral
2018-03-26 1:35,TheMindOfBA,"Seriously @BBT you have OFFICIALLY wasted 20 minutes of my time tonight, AND COUNTING. SO DONE WITH YOUR WHOLE COMPANY",Neutral
2018-03-26 1:32,TheMindOfBA,"Looks like @BBT wins the award tonight for WORST CUSTOMER SERVICE EVER. Seriously, you've locked ME out of MY accou… https://t.co/PJ7xFJu2Ei",Positive
2018-03-25 18:32,mattklaman,so mad my company switched to @BBT plantrac for our 401k. such a shitty user experience. ugh.,Negative
2018-03-25 0:54,torilampe,@BBT HUNDREDS of $$$$ in overdraft fees in one week and this is not the first time.... could you do me a HUGE favor… https://t.co/AxFAI4BXP9,Neutral
2018-03-25 0:03,Edwardsinchains,All of these @BBT screw ups are getting real old.,Positive
2018-03-24 22:17,laulaurlaurie,It’s #oneterritory tonight at the @BBT center.  #LetsGoPanthers! @FlaPanthers @NHL https://t.co/GNr000Sgq1,Neutral
2018-03-24 17:43,liveformark,@lukecombs need help. Had to work when you were @thestonepony on my birthday. I'd love to see you and @AldeabJason… https://t.co/sEmqPJaUj4,Neutral
2018-03-24 16:56,__princesslay,@BBT Done with y’all. Worst bank EVER<U+203C><U+FE0F>,Neutral
2018-03-24 12:57,CW_Money,@BBT has a robust bank card program that could fully service the US government’s needs! https://t.co/t9cPXQyv2v,Positive
2018-03-24 5:24,JeffMartinMedia,@BBT Trying to report a lost card. Your automated phone system DOWN.,Negative
2018-03-24 1:40,TeamHuda,@BBT Yeah refund me my overdraft fee because I’m opted out of recurring payments &amp; everyday transactions.,Neutral
2018-03-23 22:53,plynne_writes,"@sailorscorpio @BBT Yeah, it was back in January. Not the best start to the year. Thanks.",Neutral
2018-03-23 22:02,sailorscorpio,"@plynne_writes @BBT Oh no! I knew I missed a lot, but that's heartbreaking to learn you lost your brother! Cancer s… https://t.co/uAhCHlwmjx",Negative
2018-03-23 21:38,CW_Money,"RT @BBT: #ProTip: Protect your personal information by shredding bank statements, tax returns and any other financial information. Not sure…",Neutral
2018-03-23 19:58,plynne_writes,@BBT It's be from Knox Law and Amy Elkins is the person to talk to.,Neutral
2018-03-23 19:57,plynne_writes,@BBT You can talk to my lawyer. Just find the denial of claim she sent you and call her.,Negative
2018-03-23 19:49,livingroomatl,We kicked off our GET SET series to provide financial and budgeting tips to our clients.  Big thanks our friends at… https://t.co/uIp2C26mcl,Positive
2018-03-23 19:47,plynne_writes,"Seriously, @BBT, you know he's dead. This crap is highly insensitive. YOU THINK I WANTED MY BROTHER TO DIE OF CANCE… https://t.co/imBmv7H2eU",Neutral
2018-03-23 19:37,RuckMania,@KnightsBaseball @SCviaDC @BBT That cap is SICK,Neutral
2018-03-23 19:36,plynne_writes,"Hey @BBT, you repossessed my deceased brother's car. Why am I still get loan statements? Again, he tried REALLY har… https://t.co/4MqfaIvAPj",Neutral
2018-03-23 19:28,WifiOverThotss_,@BBT Tired of excuses just need answers,Negative
2018-03-23 18:55,PeopleFund,#FREE #credit review is open to everyone on April 21st! Experts from @BBT will answer questions in a private 1:1 co… https://t.co/mtg7f7ZQlf,Positive
2018-03-23 18:52,CW_Money,RT @BBT: Ask yourself these 37 questions and discover your callings: https://t.co/1WoqdpFH2b https://t.co/rX1c1fAGBc,Neutral
2018-03-23 18:19,ncmvhof,@BBT Thank you as well! We were asking incase there was information we could set out or share at our statewide events.,Neutral
2018-03-23 17:59,ncmvhof,@BBT Is there a special plan for military and military families?,Positive
2018-03-23 17:26,WifiOverThotss_,@BBT why u guys ignoring my dm.,Neutral
2018-03-23 17:13,TeeMackk10,"@BBT LaTasha Smith
Charlotte NC
704 769 1545",Neutral
2018-03-23 17:11,TeeMackk10,@BBT Is this tweet directly to you now?,Neutral
2018-03-23 17:10,TeeMackk10,@BBT I'm not sure how to DM (direct message),Positive
2018-03-23 16:28,rmg6,@BBT I still want the account but it’s been impossible to set up,Negative
2018-03-23 16:17,rmg6,@BBT shame that your customer service would rather let me cancel my new account request rather than try to resolve the issue.  <ed><U+00A0><U+00BE><ed><U+00B4><U+00A8><ed><U+00A0><U+00BE><ed><U+00B4><U+00A8><ed><U+00A0><U+00BE><ed><U+00B4><U+00A8>,Neutral
2018-03-23 15:54,TWhizzy1,@BBT Where can I find the IBAN number for BB&amp;T?? New employer needs it for my banking info.,Neutral
2018-03-23 15:28,WB299,Sent them information by mail three times. Uploaded to their website once. Yet @BBT still can’t find it. #Incompetence,Neutral
2018-03-23 15:25,WB299,What an absolute level of incompetence demonstrated by @BBT not sure they could find their backside with both hands https://t.co/jirEjnBMmz,Neutral
2018-03-23 15:13,standupstepdown,There's been great reporting about banks' links to guns by @jeisrael @kira_lerner @thinkprogress:… https://t.co/2Tf8rEGkpc,Positive
2018-03-23 15:03,kayla_wiley11,@BBT please fix your Mobile deposit services. I’m just a broke college student who would like her money<ed><U+00A0><U+00BD><ed><U+00B8><U+00AD>,Neutral
2018-03-23 14:54,ElCabaIIo,@BBT What is the number for your claims department?,Neutral
2018-03-23 13:12,nathanielhegyes,"@BBT The problem is I don’t remember my pin, and when after i tried it 3 times it just said, please speak to a repr… https://t.co/x5sydOSxl3",Neutral
2018-03-23 12:50,DaleFickett,"Talking mentorship and business relationships with Steven Valdez of @RichmondFed 

Deposit accounts, merchant servi… https://t.co/9Qkfrgiofj",Neutral
2018-03-23 12:47,nathanielhegyes,@BBT It wasn’t the wait time that bothered me.  It was trying to figure out how to speak to a representative.  It k… https://t.co/6fhgfdVQou,Negative
2018-03-23 12:45,1MillionCupsRVA,"Talking mentorship and business relationships with Steven Valdez of @RichmondFed 

Deposit accounts, merchant servi… https://t.co/Zz5kQ9EQNp",Neutral
2018-03-23 12:45,RVAWorks,"Talking mentorship and business relationships with Steven Valdez of @RichmondFed 

Deposit accounts, merchant servi… https://t.co/qQ4fvBBBDU",Neutral
2018-03-23 11:00,TanyaBankTech,"RT @FinTech_Futures: All hail @ThePSR, @BBT and @n26 - all part of this week's top five #fintech stories: https://t.co/3Z8YmqViR8 #innovati…",Positive
2018-03-23 8:24,FinTech_Futures,"All hail @ThePSR, @BBT and @n26 - all part of this week's top five #fintech stories: https://t.co/3Z8YmqViR8… https://t.co/RctpC2DGnp",Positive
2018-03-23 2:27,ReV_HiDOG,So I need a new bank @bbt is trying to make me do so much stupid crap  for them to fix a problem I made aware to them,Negative
2018-03-23 0:35,DaleFickett,"Talking mentorship and business relationships with Steven Valdez of @RichmondFed 

Deposit accounts, merchant servi… https://t.co/Hws8oHV8Z4",Neutral
2018-03-23 0:35,RVAWorks,"Talking mentorship and business relationships with Steven Valdez of @RichmondFed 

Deposit accounts, merchant servi… https://t.co/MJKdk3snIm",Neutral
2018-03-23 0:35,1MillionCupsRVA,"Talking mentorship and business relationships with Steven Valdez of @RichmondFed 

Deposit accounts, merchant servi… https://t.co/tloqsY8vXV",Neutral
2018-03-23 0:34,emilysharprains,"RT @DaleFickett: Talking mentorship and business relationships with Steven Valdez of @RichmondFed 

Deposit accounts, merchant services and…",Neutral
2018-03-23 0:33,DaleFickett,"Talking mentorship and business relationships with Steven Valdez of @RichmondFed 

Deposit accounts, merchant servi… https://t.co/TwEZS0xxt0",Neutral
2018-03-23 0:12,TeamHuda,@BBT YALL ARE really the worst bank with the worst customer service. I’m heated,Negative
2018-03-22 23:30,nathanielhegyes,@BBT literally the worst phone calling system.  This sucks.  Can you make it more user friendly.  Just took way to… https://t.co/TMvT5BrHAG,Negative
2018-03-22 22:50,MannyOhonme,RT @Samaritans_Feet: We are so grateful for @BBT and love this moment with their CEO Kelly King. Thank you for helping us create a world wi…,Positive
2018-03-22 21:37,MDDailyRecord,"Thanks to the Influential Marylanders Reception Sponsor, @bbt. Naturally, they have chosen the signature drink, the… https://t.co/1nYIUK7Avq",Neutral
2018-03-22 20:54,sharlow_2,@BBT Thank you.,Neutral
2018-03-22 20:27,sharlow_2,"@BBT 4/4 I would hate to have to resort to the customer service adage that ""One pissed off customer tells ten"" and… https://t.co/XaMSsUgLOV",Neutral
2018-03-22 20:25,sharlow_2,@BBT 3/4 NO. Disputing the transaction with the payee is not acceptable.  Please provide me with the requested phone number.,Neutral
2018-03-22 20:25,sharlow_2,@BBT 2/4 So she '4got' to have me (the uneducated consumer) to sign a paper. Today I find out that once again u ove… https://t.co/q3ZfAPXGTj,Neutral
2018-03-22 20:23,sharlow_2,"1/4 @BBT  I. Am. Livid. 
Twice your bank has screwed up and twice I've paid the price. Most recently your girl at C… https://t.co/umSur9spg6",Neutral
2018-03-22 20:04,sdhpu,@BBT Let your senior Mgmt know we will be filling a complaint with the AGs office and calling Thom Tillis which sit… https://t.co/NYQ2PFmn4b,Neutral
2018-03-22 19:46,sdhpu,@BBT Did you receive her email? She sent to your attention. From Initials MG.,Neutral
2018-03-22 17:03,ncbiznews,"BB&amp;T CEO King received 9.2% bump in compensation in 2017 @BBT
by @talkingbiznews 
https://t.co/qAMM1LHn5n https://t.co/vO08Rj0Ym4",Neutral
2018-03-22 14:14,BBT,RT @SCviaDC: Prizes for finding @CLTKnightsHomer on Where's Homer Wednesday! Thanks @KnightsBaseball and @BBT! https://t.co/lO34zqTSwD,Neutral
2018-03-22 14:14,BBT,"RT @KnightsBaseball: .@SCviaDC is our winner of the first ""Where's Homer Wednesday"" contest presented by @BBT. 

Be on the lookout next mon…",Neutral
2018-03-22 14:14,BBT,RT @KnightsBaseball: .@CLTKnightsHomer is having fun today at the @BBT located at 9200 S. Tryon St. in #SteeleCreek! #WHW https://t.co/8zqt…,Positive
2018-03-22 14:09,triadheart,Don't be late for a very important date! RSVP using this link by April 6th! https://t.co/31BTBQFC8y @NovantHealth… https://t.co/zyHy3tV2Aa,Positive
2018-03-22 9:03,therosegawden,I don’t think I can go back to sleep because @BBT keeps causing me pain and suffering and clearly wants to see me lose,Negative
2018-03-22 8:23,therosegawden,"I swear @BBT is determined to ruin my life, I’m getting so tired of them playing with my account like this",Negative
2018-04-10 21:39,timeforainz,"RT @simplywenwen: [TRANS] 180410 BBT Official Weibo Update:

#BBT subunit BBT-E (Extra)! At the same time the E comes from BOOGIE E Wang Zi…",Neutral
2018-04-10 21:38,darksidebaybay,#BBT @ officialmintlounge Thursday’s nights. $75 dollars Hennessy and $6 dollars patron shots.… https://t.co/Unyohh6dbI,Neutral
2018-04-10 19:36,danieljoxk,RT @Cdow24: Can’t wait for this season with my brothers<ed><U+00A0><U+00BC><ed><U+00BF><U+0088><ed><U+00A0><U+00BD><ed><U+00B2><U+0089><ed><U+00A0><U+00BE><ed><U+00B5><U+00A4> #FWMJ #BBT,Neutral
2018-04-10 18:57,LPSurgeons,"No if, ands, or butts! <ed><U+00A0><U+00BC><ed><U+00BD><U+0091>Brazillian butt lifts are our specialty here at Lexington Plastic Surgeons! Call today (888… https://t.co/LETihFHqse",Neutral
2018-04-10 18:04,wangziyi960713,"RT @simplywenwen: 180410 Sun Haoran Weibo Update:

&lt;<U+6162><U+70ED><U+5C0F><U+5B69>&gt; ‘Shy Kids’ set sail again

#WangZiyi #SunHaoran #LinHaokai #LiZhijie #IdolProduce…",Neutral
2018-04-10 17:11,darksidebaybay,#BBT @ officialmintlounge Thursday’s nights. $75 dollars Hennessy and $6 dollars patron shots.… https://t.co/I9YJrhTC1H,Neutral
2018-04-10 17:11,_PIF64_TY,RT @darksidebaybay: #BBT @ officialmintlounge Thursday’s nights. $75 dollars Hennessy and $6 dollars patron shots.… https://t.co/diW5rsajLv,Neutral
2018-04-10 17:11,darksidebaybay,#BBT @ officialmintlounge Thursday’s nights. $75 dollars Hennessy and $6 dollars patron shots.… https://t.co/8lXdH5wPzo,Neutral
2018-04-10 17:11,darksidebaybay,#BBT @ officialmintlounge Thursday’s nights. $75 dollars Hennessy and $6 dollars patron shots.… https://t.co/cBUxyMtefB,Neutral
2018-04-10 17:11,darksidebaybay,#BBT @ officialmintlounge Thursday’s nights. $75 dollars Hennessy and $6 dollars patron shots.… https://t.co/rAeeUBp4VG,Neutral
2018-04-10 17:11,darksidebaybay,#BBT @ officialmintlounge Thursday’s nights. $75 dollars Hennessy and $6 dollars patron shots.… https://t.co/diW5rsajLv,Neutral
2018-04-10 13:47,parthibhan_s,@bigbangtheory Is Young Sheldon's father the same bully who tortured Leonard <ed><U+00A0><U+00BD><ed><U+00B8><U+0082> I just noticed #BBT,Negative
2018-04-10 13:05,kunkunismine,"RT @simplywenwen: 180409 BBT Official Weibo Update:

#BBT-E new release 2018.04.10 &lt;<U+6162><U+70ED><U+5C0F><U+5B69>&gt; Feat: NINE PERCENT’s Wang Ziyi! It’s a new beginn…",Neutral
2018-04-10 12:06,Cdow24,Can’t wait for this season with my brothers<ed><U+00A0><U+00BC><ed><U+00BF><U+0088><ed><U+00A0><U+00BD><ed><U+00B2><U+0089><ed><U+00A0><U+00BE><ed><U+00B5><U+00A4> #FWMJ #BBT,Neutral
2018-04-10 10:55,Slvbabe1,"GM #Tweepz #Tweeps 
Nxt Lvl Comm: ^SDEFSR 
American &amp; Proud Of *IT
1PLPB1 #BBT BGTEO *E1T1
Flawless Productions *In… https://t.co/MMR92xNiT8",Neutral
2018-04-10 10:32,RatingsNetwork,Piper Jaffray Lowers BB&amp;T Q1 2018 Earnings Estimates to $0.91 EPS (Previously $0.92). https://t.co/kEG3amdxKm $BBT #BBT,Neutral
2018-04-10 9:13,richhouse7,"#Black #Beard #Token #BBT #Is #Live #Airdrop #One and tag 7 followers 

https://t.co/b9SOjVkqod … https://t.co/Um3qLAY6Gg",Neutral
2018-04-10 9:09,micopper2534,#Black #Beard #Token #BBT #Is #Live #Airdrop #One and tag 7 followers   https://t.co/mYUyG31x88 … https://t.co/sjNZyCey8i,Neutral
2018-04-10 8:50,NipsNipsy,"#BBT #BigBangTheory #Bazinga #FanArt #Artwork #Series #Nerds #Geeks #Comedy #Universe
.
Artist… https://t.co/B5MEQqB3EA",Neutral
2018-04-10 6:14,simplywenwen,"180410 Sun Haoran Weibo Update:

&lt;<U+6162><U+70ED><U+5C0F><U+5B69>&gt; ‘Shy Kids’ set sail again

#WangZiyi #SunHaoran #LinHaokai #LiZhijie… https://t.co/wlmOFdE3XW",Neutral
2018-04-10 4:31,simplywenwen,"[TRANS] 180410 BBT Official Weibo Update:

#BBT subunit BBT-E (Extra)! At the same time the E comes from BOOGIE E W… https://t.co/VpeGIQ9ked",Neutral
2018-04-10 0:30,NeverKnitDrunk,"*runs to Google to find Dwayne ""The Lizard"" Johnson and Dwayne ""The Spock"" Johnson*

#BBT… https://t.co/xrSv6ARANc",Neutral
2018-04-09 23:06,darkside_jones,RT @darksidebaybay: #BBT @ @officialmintlounge Thursday’s nights. $75 dollars Hennessy and $6 dollars patron shots. <ed><U+00A0><U+00BE><ed><U+00B5><U+0083><ed><U+00A0><U+00BC><ed><U+00BD><U+00BA><ed><U+00A0><U+00BC><ed><U+00BD><U+00BE> Food truck outside.…,Neutral
2018-04-09 20:19,BrusqueBane,Time for the writer to get some sleep. Goodnight! #RisqueOut #BBT,Neutral
2018-04-09 19:11,bigbentavern,"MONDAY SPECIALS 
1/2 priced wings 
$4 Moscow Mule 
$4 Jameson 
.
.
.
#mondayspecials #mondays #mondayatbbt #bbt… https://t.co/uUfgCECjAY",Neutral
2018-04-09 18:14,darksidebaybay,#BBT @ @officialmintlounge Thursday’s nights. $75 dollars Hennessy and $6 dollars patron shots. <ed><U+00A0><U+00BE><ed><U+00B5><U+0083><ed><U+00A0><U+00BC><ed><U+00BD><U+00BA><ed><U+00A0><U+00BC><ed><U+00BD><U+00BE> Food truck outs… https://t.co/n1G7mHOL5I,Neutral
2018-04-09 18:14,darksidebaybay,#BBT @ @officialmintlounge Thursday’s nights. $75 dollars Hennessy and $6 dollars patron shots. <ed><U+00A0><U+00BE><ed><U+00B5><U+0083><ed><U+00A0><U+00BC><ed><U+00BD><U+00BA><ed><U+00A0><U+00BC><ed><U+00BD><U+00BE> Food truck outs… https://t.co/wdsX2Ku8j6,Neutral
2018-04-09 16:38,FairhavenHealth,Understanding your fertile window is key to helping you track your #ovulation and know when to plan intercourse to… https://t.co/hb4CrAXuog,Positive
2018-04-09 16:08,simplywenwen,"180409 BBT Official Weibo Update:

#BBT-E new release 2018.04.10 &lt;<U+6162><U+70ED><U+5C0F><U+5B69>&gt; Feat: NINE PERCENT’s Wang Ziyi! It’s a new… https://t.co/brfmOfgyXQ",Neutral
2018-04-09 5:16,MarxTonitomats,"RT @COvulation: Generation Guard Vs Smart Basal #Thermometer. #BBT, #fertility https://t.co/PJBcU7jQ0k",Neutral
2018-04-09 5:05,josh_woods13,RT @LittleMinxyGirl: Bouncy  Today <ed><U+00A0><U+00BD><ed><U+00B1><U+00BF><ed><U+00A0><U+00BD><ed><U+00B8><U+0082> #bbt @All_Manly @DatAssNTittiez @bigboobsfansite @TheAmateurArmy @AllKindsOfWomen @TopTierTatas https…,Neutral
2018-04-09 2:57,tadersalad2000,@undeux Penny or Bernadette? #bbt,Neutral
2018-04-09 2:26,DerekBarrera_AI,Fuck #bbt I'm switching banks now you can,Neutral
2018-04-08 22:12,DazzlingBeautyD,I have a lot of thinking to do... #BBT https://t.co/5KGrvsFL3X,Neutral
2018-04-08 19:46,SGreysonNewman,@BrownBeautyTalk I was ready to jump back in #BBT tonight.. Looking forward to when you are back <ed><U+00A0><U+00BC><ed><U+00BC><U+00B9>,Positive
2018-04-08 17:52,DjPrecaution,#bbt #bigbangtheory #twoandhalfmen #howimetyourmother #lol happy… https://t.co/zZmU2RRRJS,Neutral
2018-04-08 16:12,BabyForYouSA,"Wondering which fertility tests you need to help you get pregnant quicker ? 

#pregnancytest #ovulationtest #FSH… https://t.co/w3UcLRV2hl",Neutral
2018-04-08 14:48,YogMelwani,"#LouGramm performing live at the 2018 Midnight Blue Gala benefiting @KidsHouseCAC raising over $140,000 -… https://t.co/s4fzJSH6ms",Positive
2018-04-08 10:42,ThSwaggz_social,"Buy Bernadette from TV show Big Bang Theory at The Swaggz.
 You can check more details here… https://t.co/IG3Po2FTHP",Neutral
2018-04-08 8:20,blehjessie,"RT @tvshowquote1: #Sheldon: I’m a callous egomaniac. She’s gonna leave me.
#Penny: No, she won’t.
S: No, she won’t. I’m great. (Drinks his…",Negative
2018-04-08 7:06,DHFNTR,RT @adorabletarak: One of the  best  video  clip  of #BBT...  Chaalaaaa chalaa thanks <ed><U+00A0><U+00BD><ed><U+00B1><U+008F><ed><U+00A0><U+00BD><ed><U+00B1><U+008F><ed><U+00A0><U+00BD><ed><U+00B1><U+008F><ed><U+00A0><U+00BD><ed><U+00B1><U+008C><ed><U+00A0><U+00BD><ed><U+00B1><U+008C><ed><U+00A0><U+00BD><ed><U+00B1><U+008C>... Love  u<ed><U+00A0><U+00BD><ed><U+00B8><U+0098><ed><U+00A0><U+00BD><ed><U+00B8><U+0098><ed><U+00A0><U+00BD><ed><U+00B8><U+0098><ed><U+00A0><U+00BD><ed><U+00B8><U+0098> @tarak9999<ed><U+00A0><U+00BD><ed><U+00B8><U+008D><ed><U+00A0><U+00BD><ed><U+00B8><U+0098><ed><U+00A0><U+00BD><ed><U+00B8><U+0098><ed><U+00A0><U+00BD><ed><U+00B8><U+0098><ed><U+00A0><U+00BD><ed><U+00B8><U+0098> https://t.co/yG…,Neutral
2018-04-07 20:05,CoinoMonitor,"Top growing coins at last 1h grouped by rank 
1-20: #XLM 0.83%, #MIOTA 0.46%, #NEO 0.43%, #BCH 0.34%, #ETH 0.24%
20… https://t.co/ixvmlpIytO",Negative
2018-04-07 18:29,pvilarino,"As #sheldoncopper said in #bbt you might as well have a plague infested orangutan sneez dry your hands ""Hot-air dry… https://t.co/K49wksWYEQ",Neutral
2018-04-07 13:00,woodsprintables,BBT Printable Chart https://t.co/0bjH2tmYDj #etsy #cycle #bbt #temping #family #basal #planning #calendar #fertility #period #menstrual,Neutral
2018-04-07 12:25,CoolShirtsCo,#Chemistry #Joke #Shirt Funny #Science Joke #Tshirt #BigBangTheory #sciencejokes #chemistryjoke #bbt… https://t.co/k82oUTdUhh,Neutral
2018-04-07 11:46,AbbeyBrokaw1,Update: Christmas is canceled. #bbt #bringbacktug,Neutral
2018-04-07 9:56,Lucanesque,Travel day / geek tee #bazinga #bbt #BigBangTheory #NotTheJellyfish https://t.co/rwNLVoKxSp,Neutral
2018-04-07 8:46,ALouiseDavis,Not surprised as is only place now offering #BBT training programme one of best programmes and loved by all!… https://t.co/B0jn0fyjuN,Neutral
2018-04-07 1:20,therealrajkooth,"Hi, I'm Raj Koothrappali. I don't always talk to girls, but when I do, I'm usually drunk!  #thebigbangtheory #bbt #bigbangtheory",Neutral
2018-04-06 20:58,apotiker,"Sheldon ""If leaders just stepped aside every time they didn't have the consent of the governed, what would we have?""
Amy ""DEMOCRACY""
#bbt",Positive
2018-04-06 18:01,ZipPollUSA,"Download the free Zip app on iOS, Android or Windows to weigh in: https://t.co/mA9MLxKt77

#BigBangTheory #TBBT… https://t.co/Dm79neYPdL",Positive
2018-04-06 16:58,kjpyoungblood,"RT @Tim_Suttle: ""A good story does not just tell you about something that happened once upon a time. it brings that time back to life so th…",Positive
2018-04-06 16:49,BoyntonBilliard,It’s Friday who’s ready to play? #pongpong #tabletennistable #boyntonbilliards #bbt… https://t.co/EzDn6AvAmH,Positive
2018-04-06 16:45,jonesdelinda1,@HamillHimself Annie Potts is perfect in #YoungSheldon !!! It’d be kool to see @HamillHimself guest star!! Love #BBT,Positive
2018-04-06 15:06,Tim_Suttle,"""A good story does not just tell you about something that happened once upon a time. it brings that time back to li… https://t.co/0KaBvEFQr9",Positive
2018-04-06 12:05,MdKausa49946455,"RT @BlackB_Token: #Black #Beard #Token #BBT #Is #Live #Airdrop #One and tag 7 followers 

https://t.co/GEmujWFZnO",Neutral
2018-04-06 10:37,RatingsNetwork,Jefferies Group Lowers BB&amp;T Q1 2018 Earnings Estimates to $0.93 EPS (Previously $0.94). https://t.co/R0EtcHSurr $BBT #BBT,Neutral
2018-04-06 4:50,CarlosNeicun,"RT @nomsdesigns: Boba love<ed><U+00A0><U+00BE><ed><U+00B5><U+00A4>

Check out our delicious comfy designs on our website!
https://t.co/AouGFPkKpf

#yeg #yegfood #boba #bbt https:…",Positive
2018-04-06 0:05,CoinoMonitor,"Top growing coins at last 1h grouped by rank 
1-20: #VEN 0.89%, #TRX 0.88%, #BNB 0.31%, #QTUM 0.17%, #USDT 0.1%
20-… https://t.co/GSm4pM5syB",Negative
2018-04-05 21:43,darksidebaybay,#BBT @ @officialmintlounge Thursday’s nights. $75 dollars Hennessy and $6 dollars patron shots. <ed><U+00A0><U+00BE><ed><U+00B5><U+0083><ed><U+00A0><U+00BC><ed><U+00BD><U+00BA><ed><U+00A0><U+00BC><ed><U+00BD><U+00BE> Food truck outs… https://t.co/kodxHTAQ3W,Neutral
2018-04-05 20:34,CinemaHype,RT @WBHomeEnt: The #BBT crew is definitely one of a kind! Use #JustAskBBT and see what the cast thinks about adding a plus 1 at their sci-f…,Neutral
2018-04-05 19:14,Tom_Taste,@realanastasios @lindhorstchr @chris_we78 Tolle Idee. #bbt #blindbustalk,Neutral
2018-04-05 19:00,CalleOchoNews,Here is the last of our winners of the Disney on Ice tickets giveaway contest!!! Thank you all for participating Li… https://t.co/cwvef6Aa0s,Positive
2018-04-05 17:00,Blocklotto_pat1,RT @IamForde: RT @darksidebaybay: #BBT @ @officialmintlounge Thursday’s nights. $75 dollars Hennessy and $6 dollars patron shots. <ed><U+00A0><U+00BE><ed><U+00B5><U+0083><ed><U+00A0><U+00BC><ed><U+00BD><U+00BA><ed><U+00A0><U+00BC><ed><U+00BD><U+00BE> Food…,Neutral
2018-04-05 17:00,WBHomeEnt,The #BBT crew is definitely one of a kind! Use #JustAskBBT and see what the cast thinks about adding a plus 1 at th… https://t.co/9hKaqiSEaB,Neutral
2018-04-05 16:46,IamForde,RT @darksidebaybay: #BBT @ @officialmintlounge Thursday’s nights. $75 dollars Hennessy and $6 dollars patron shots.… https://t.co/cyaKeX7CkF,Neutral
2018-04-05 16:30,darksidebaybay,#BBT @ @officialmintlounge Thursday’s nights. $75 dollars Hennessy and $6 dollars patron shots. <ed><U+00A0><U+00BE><ed><U+00B5><U+0083><ed><U+00A0><U+00BC><ed><U+00BD><U+00BA><ed><U+00A0><U+00BC><ed><U+00BD><U+00BE> Food truck outs… https://t.co/m0aITP7g19,Neutral
2018-04-05 16:30,darksidebaybay,#BBT @ @officialmintlounge Thursday’s nights. $75 dollars Hennessy and $6 dollars patron shots. <ed><U+00A0><U+00BE><ed><U+00B5><U+0083><ed><U+00A0><U+00BC><ed><U+00BD><U+00BA><ed><U+00A0><U+00BC><ed><U+00BD><U+00BE> Food truck outs… https://t.co/orhxQWyCYF,Neutral
2018-04-05 13:40,Jai_SriRadhe,"RT @ArtBhakti: LIFE COMES FROM LIFE: by His Divine Grace A.C. Bhaktivedanta Swami Prabhupada:
https://t.co/Of2927QTju
#Prabhupada's Books #…",Neutral
2018-04-05 10:59,lorysissy,RT @GaryBarlow: For all those asking #billybigteeth will be back I promise #bbt,Positive
2018-04-05 9:51,RupakalaKamath,RT @ArtBhakti: ‘KRSNA The Supreme Personality Of Godhead: Chapter 5 - Meeting of Nanda and Vasudeva:’ #Prabhupada's Books #KrishnaAudioBook…,Neutral
2018-04-05 9:50,RupakalaKamath,RT @ArtBhakti: ‘Srila Prabhupada Lectures: Bhagavad-gita 02 - 01. The Missing Self - Understanding: #Prabhupadalecture #SrilaPrabhupadalect…,Neutral
2018-04-05 9:21,ArtBhakti,‘Srila Prabhupada Lectures: Bhagavad-gita 02 - 01. The Missing Self - Understanding: #Prabhupadalecture… https://t.co/osj1bvkgL2,Neutral
2018-04-05 9:14,ArtBhakti,‘KRSNA The Supreme Personality Of Godhead: Chapter 5 - Meeting of Nanda and Vasudeva:’ #Prabhupada's Books… https://t.co/xcDJHmECHq,Neutral
2018-04-05 9:09,PrezRamanathan,"RT @ArtBhakti: KRSNA THE SUPREME PERSONALITY OF GODHEAD: by His Divine Grace
A.C. Bhaktivedanta Swami Prabhupada:
https://t.co/3ILV3M0PXt
#…",Neutral
2018-04-05 9:03,ArtBhakti,"KRSNA THE SUPREME PERSONALITY OF GODHEAD: by His Divine Grace
A.C. Bhaktivedanta Swami Prabhupada:… https://t.co/ubZK7RQw1p",Neutral
2018-04-05 5:49,bigbentavern,"Thursday specials-
$3.50 Deep Eddy (all flavors)
$3 Guinness 
$5 BBT Burger + fries
.
.
.
.
#burger #fries #bbt… https://t.co/vrAd0GQQZR",Neutral
2018-04-04 23:35,b_thefutureway,RT @WBHomeEnt: Can you imagine what the world would be like if #BBT characters were in charge? Which characters could rule the world? Use #…,Neutral
2018-04-04 22:41,WBHomeEnt,Can you imagine what the world would be like if #BBT characters were in charge? Which characters could rule the wor… https://t.co/nBYfhiY9D7,Neutral
2018-04-04 19:51,darksidebaybay,#BBT @ officialmintlounge Thursday’s nights. $75 dollars Hennessy and $6 dollars patron shots.… https://t.co/OLGSXdWloU,Neutral
2018-04-04 18:00,SaifulA06048417,"BlackBeard Token Airdrop #1
Tweet this "" #Black #Beard #Token #BBT #Is #Live #Airdrop #One and tag 7 followers https://t.co/E6WvPeB7F1 """,Neutral
2018-04-04 15:50,rosebyanyother7,RT @Scienzeonline: #cosmobserver #spazio #cosmo #blackhole #bbt #scienza #ricerca #divulgazione #scientifica #hawking #stephen #space #step…,Neutral
2018-04-04 9:44,ArtBhakti,"LIFE COMES FROM LIFE: by His Divine Grace A.C. Bhaktivedanta Swami Prabhupada:
https://t.co/Of2927QTju
#Prabhupada'… https://t.co/aZoTxAoYiw",Neutral
2018-04-04 9:31,DcJekyl,I'm Batman #bbt https://t.co/aUdgjy3D0o,Neutral
2018-04-04 9:19,ArtBhakti,‘KRSNA The Supreme Personality Of Godhead: Chapter 4: Kamsa Begins His Persecution:’ #Prabhupada's Books… https://t.co/BPmrFNFQsz,Neutral
2018-04-04 8:18,bigbentavern,"MID-WEEK SPECIALS 
$4 Jack and Jim 
$6 Nachos - Chicken and Beef 
Reverse Happy Hour 
Let’s celebrate life! 
.
.
.… https://t.co/lQ8E7lG7Pi",Neutral
2018-04-03 23:05,CoinoMonitor,"Top growing coins at last 1h grouped by rank 
1-20: #XVG 2.99%, #XEM 0.36%, #ADA 0.23%, #XLM 0.21%, #USDT 0.1%
20-1… https://t.co/cg3PgbcnAT",Negative
2018-04-03 19:15,L3gacy777,"The most powerful gathering of your week is attending church. 
The church gathering is the atmosphere that is charg… https://t.co/fnUbpKnBtB",Positive
2018-04-03 18:59,Minty_OwO,"I coloured Hatty in class <ed><U+00A0><U+00BC><ed><U+00BE><U+00A9>

#hattyhattington #battleblock #theater #bbt #hatty https://t.co/blPft0OQC9",Neutral
2018-04-03 18:10,chenyoos,"(Is not a thread lmao im lazy)BBT's Handsign appreciation....in othe trainees hands ft. Ziyi

#<U+5076><U+50CF><U+7EC3><U+4E60><U+751F> #BBT https://t.co/hdkrfou0jr",Neutral
2018-04-03 18:00,CalleOchoNews,Here are more winners of our Disney on Ice tickets giveaway contest!!!  Thank you all for participating Like and sh… https://t.co/fGonfoRSei,Positive
2018-04-03 17:32,londonna99,"RT @kathybises: For the first time in a long time... the last episode of @bigbangtheory had me in tears from laughing <ed><U+00A0><U+00BD><ed><U+00B8><U+0082><ed><U+00A0><U+00BD><ed><U+00B8><U+0082><ed><U+00A0><U+00BD><ed><U+00B8><U+0082><ed><U+00A0><U+00BD><ed><U+00B8><U+0082><ed><U+00A0><U+00BD><ed><U+00B8><U+0082><ed><U+00A0><U+00BD><ed><U+00B8><U+0082><ed><U+00A0><U+00BD><ed><U+00B8><U+0082><ed><U+00A0><U+00BD><ed><U+00B8><U+0082><ed><U+00A0><U+00BD><ed><U+00B8><U+0082><ed><U+00A0><U+00BD><ed><U+00B8><U+0082><ed><U+00A0><U+00BD><ed><U+00B8><U+0082><ed><U+00A0><U+00BD><ed><U+00B8><U+0082><ed><U+00A0><U+00BD><ed><U+00B8><U+0082><ed><U+00A0><U+00BD><ed><U+00B8><U+0082><ed><U+00A0><U+00BD><ed><U+00B8><U+0082>

#bbt",Neutral
2018-04-03 15:28,kathybises,"For the first time in a long time... the last episode of @bigbangtheory had me in tears from laughing <ed><U+00A0><U+00BD><ed><U+00B8><U+0082><ed><U+00A0><U+00BD><ed><U+00B8><U+0082><ed><U+00A0><U+00BD><ed><U+00B8><U+0082><ed><U+00A0><U+00BD><ed><U+00B8><U+0082><ed><U+00A0><U+00BD><ed><U+00B8><U+0082><ed><U+00A0><U+00BD><ed><U+00B8><U+0082><ed><U+00A0><U+00BD><ed><U+00B8><U+0082><ed><U+00A0><U+00BD><ed><U+00B8><U+0082><ed><U+00A0><U+00BD><ed><U+00B8><U+0082><ed><U+00A0><U+00BD><ed><U+00B8><U+0082><ed><U+00A0><U+00BD><ed><U+00B8><U+0082><ed><U+00A0><U+00BD><ed><U+00B8><U+0082><ed><U+00A0><U+00BD><ed><U+00B8><U+0082><ed><U+00A0><U+00BD><ed><U+00B8><U+0082><ed><U+00A0><U+00BD><ed><U+00B8><U+0082>

#bbt",Neutral
2018-04-03 9:15,RupakalaKamath,RT @ArtBhakti: ‘KRSNA The Supreme Personality Of Godhead: Chapter 3:  Birth of Lord Krsna: #Prabhupada's Books #SrilaPrabhupada's Books #Pr…,Neutral
2018-04-03 9:09,ArtBhakti,‘KRSNA The Supreme Personality Of Godhead: Chapter 3:  Birth of Lord Krsna: #Prabhupada's Books #SrilaPrabhupada's… https://t.co/OzvLK6zuP6,Neutral
2018-04-03 9:08,filmguyray,RT @Oj_Anthony_: Don’t let Sheldon see this #bbt https://t.co/UqwgkMD8if,Neutral
2018-04-03 7:58,benjaminlaari,My fav part! @SoorebiaGh u do all <ed><U+00A0><U+00BD><ed><U+00B9><U+008C><ed><U+00A0><U+00BC><ed><U+00BF><U+00BE><ed><U+00A0><U+00BD><ed><U+00B9><U+008C><ed><U+00A0><U+00BC><ed><U+00BF><U+00BE> #2Strings #BBT https://t.co/8JZ5YQXclZ,Neutral
2018-04-03 6:52,Oj_Anthony_,Don’t let Sheldon see this #bbt https://t.co/UqwgkMD8if,Neutral
2018-04-03 2:05,ralphvalcin,My guy @reylexofficiel always feeding the streets with that much needed hit <ed><U+00A0><U+00BD><ed><U+00B4><U+00A5><ed><U+00A0><U+00BE><ed><U+00B4><U+00AF> #Kolòn video out now… https://t.co/sSV1trJl9H,Neutral
2018-04-03 0:35,contemporaryc,Im not insane my mother had me tested #thebigbangtheory #bbt #bigbangtheory #sheldoncooper #jimparsons https://t.co/dG9fHs9Ubm,Negative
2018-04-03 0:33,ChatimeCanada,"Our #Monday #bae: Chatime!<ed><U+00A0><U+00BD><ed><U+00B8><U+008D>It beats the Monday blues <ed><U+00A0><U+00BD><ed><U+00B8><U+009C><ed><U+00A0><U+00BD><ed><U+00B2><U+0099>
.
<ed><U+00A0><U+00BD><ed><U+00B3><U+00B8>Featuring: the ""Chatime is bae"" shirt available in Ontar… https://t.co/3g7VZvq5T8",Neutral
2018-04-02 20:23,JHFSupporter1,Watching #BigBangTheory And just saw 2 Lava Lamps in the background in one of the bedrooms. Very cool! Lava Lamps a… https://t.co/W40hyiaSkN,Positive
2018-04-02 18:49,milkandanna,"RT @supermiecin: When you think #WangZiyi sig is tragic and it's actually just #SimplyJoy culture <ed><U+00A0><U+00BD><ed><U+00B8><U+0082>
Weibo ©  <U+7231><U+5B66><U+4E60><U+7684>Amor-Tuan
#BBT #ShuHaoran…",Neutral
2018-04-02 16:36,nomsdesigns,"Boba love<ed><U+00A0><U+00BE><ed><U+00B5><U+00A4>

Check out our delicious comfy designs on our website!
https://t.co/AouGFPkKpf

#yeg #yegfood #boba #bbt https://t.co/KJSDOWcBXw",Positive
2018-04-02 15:30,PCMreviews,#BBT episode one https://t.co/vt2cDOEAFd,Neutral
2018-04-02 14:34,giolovegary,RT @GaryBarlow: The Sage isn’t happy #bbt https://t.co/Tp7yAuidub,Positive
2018-04-02 13:12,Slvbabe1,"Meanwhile... <ed><U+00A0><U+00BD><ed><U+00B8><U+00A1><ed><U+00A0><U+00BD><ed><U+00B4><U+00B1>
<ed><U+00A0><U+00BD><ed><U+00B1><U+008A><ed><U+00A0><U+00BD><ed><U+00B1><U+008A><ed><U+00A0><U+00BD><ed><U+00B1><U+008A> @BarackObama || ^SDEFSR *FPI *Founder -me
^SOIL @Akon NaVig@or #BBT #BBT2 
https://t.co/K552LgRWgN",Neutral
2018-04-02 9:41,wangziyee,"RT @wangziyee: Wang Ziyi focus of BBT’s Mr. Lee dance practice! 

#<U+738B><U+5B50><U+5F02> #wangziyi #BBT https://t.co/dwdQPybwA0",Positive
2018-04-02 6:44,Goodoldday2,"RT @OfficialBBT_: No matter how many fake friends go &amp; how many true ones stay, know how to hold yourself down on your own. #BBT",Neutral
2018-04-02 3:19,supermiecin,"When you think #WangZiyi sig is tragic and it's actually just #SimplyJoy culture <ed><U+00A0><U+00BD><ed><U+00B8><U+0082>
Weibo ©  <U+7231><U+5B66><U+4E60><U+7684>Amor-Tuan
#BBT… https://t.co/F5XezE8Mkq",Neutral
2018-04-01 20:13,BoyntonBilliard,"Happy Easter from #BBT #boyntonbilliardsteam #happyeaster @ Hypoluxo, Florida https://t.co/Tf01GCU51c",Neutral
2018-04-01 18:18,sindhutalks,@Nivethee Sorry... Sheldon fan...#BBT,Neutral
2018-04-01 17:23,TAPAN0009,"@shantakhan7 
@sonatan303 
@shahbazkhan121 
@ArchitaSaha11 
@JamalElkhaine 
@Jesuscoinico 
@MineFILHQ 
 #Black… https://t.co/LBvspgu5Zr",Neutral
2018-04-01 17:07,Mehreen__shah,"No matter how many fake friends go &amp; how many true ones stay, know how to hold yourself down on your own....
#BBT",Neutral
2018-04-01 8:50,bigbentavern,We are serving the best crawfish in all of Sugarland this Sunday only by the pound in light of Easter.($7.99 and 2… https://t.co/jtiOrje125,Positive
2018-03-31 18:47,milkandanna,"RT @sighxukun: Wang Ziyi focus of BBT’s Mr. Lee dance practice! 

#<U+738B><U+5B50><U+5F02> #wangziyi #BBT https://t.co/dwdQPybwA0",Positive
